id,питання
1,Яке твоє улюблене хобі?
2,Чим ти займаєшся у вільний час?
3,Який вид відпочинку тобі найбільше подобається?
4,Яку книгу ти зараз читаєш?
5,Який жанр фільмів тобі подобається?
6,У які ігри ти любиш грати?
7,Яке твоє улюблене місце для відпочинку?
8,Що ти найчастіше фотографуєш?
9,Який музичний інструмент тобі подобається?
10,Яку страву ти любиш готувати?
11,Який вид спорту тобі цікаво дивитися?
12,Куди ти останнім часом подорожував?
13,Яке твоє улюблене домашнє хобі?
14,Що ти колекціонуєш?
15,Який стиль танців тобі подобається?
16,Що ти любиш малювати?
17,Як ти проводиш вихідні?
18,Який похід тобі найбільше запам’ятався?
19,Яка твоя улюблена настільна гра?
20,Які подкасти ти слухаєш?
21,Яким рукоділлям ти займаєшся?
22,Що ти вирощуєш вдома?
23,Який відпочинок біля води тобі подобається?
24,На чому ти вмієш грати?
25,Яке хобі ти хочеш спробувати?
26,Де ти любиш рибалити?
27,Яку практику для розслаблення використовуєш?
28,Які види спорту ти дивишся?
29,Чим ти розслабляєшся після роботи?
30,Який вид бігу тобі подобається?
31,Яку книгу ти порадив би?
32,Який фільм ти останнім часом дивився?
33,Який вид туризму тобі подобається?
34,У які ігри ти граєш з друзями?
35,Яке хобі у тебе було в дитинстві?
36,Який водний вид спорту тобі подобається?
37,Куди ти їдеш у відпустку?
38,Що ти любиш збирати на природі?
39,Який вид мистецтва тобі близький?
40,Які танці ти вмієш?
41,У які настільні ігри ти граєш?
42,Які музеї ти відвідував?
43,Який спорт на свіжому повітрі тобі подобається?
44,Що ти робиш своїми руками?
45,Як ти проводиш час з друзями?
46,Який зимовий спорт тобі подобається?
47,Яку страву ти готуєш найкраще?
48,Що ти любиш фотографувати?
49,Який відпочинок для тебе ідеальний?
50,У які командні ігри ти граєш?
51,Яке хобі допомагає тобі відволіктися?
52,Де ти любиш ходити в походи?
53,Яку музику ти слухаєш на відпочинку?
54,Яким творчим заняттям ти займаєшся?
55,Який водний спорт тобі цікавий?
56,У які ігри в залі ти граєш?
57,Де ти любиш читати?
58,Якою корисною справою ти займаєшся?
59,Як ти проводиш літо?
60,Які зимові розваги тобі подобаються?
61,Яка гра найкраща для компанії?
62,Які рослини ти вирощуєш?
63,Який екстремальний спорт тебе цікавить?
64,На які концерти ти ходиш?
65,Яке хобі ти вважаєш корисним?
66,Яким рукоділлям ти займаєшся?
67,Як ти проводиш час на природі?
68,У які ігри з ракеткою ти граєш?
69,Яку книгу про подорожі ти б порекомендував?
70,Що ти робиш з глини?
71,Як ти відпочиваєш після важкого тижня?
72,Які фільми ти дивишся в кіно?
73,Яке творче хобі тобі подобається?
74,Який досвід у тебе зі скелелазіння?
75,Як ти проводиш п’ятницю ввечері?
76,Які пазли ти любиш збирати?
77,Яка стратегічна гра тобі подобається?
78,Що ти в’яжеш?
79,Який туризм ти обираєш?
80,У які ігри з м’ячем ти граєш?
81,Яке хобі ти б порадив новачку?
82,Яким леттерінгом ти займаєшся?
83,Як ти проводиш час біля вогнища?
84,Куди ти ходиш розважатися?
85,Що ти береш на пікнік?
86,Який стиль фотографії тобі близький?
87,Який спорт корисний для здоров’я?
88,У які ігри ти граєш на дачі?
89,Яке хобі ти обираєш взимку?
90,Що ти вирощуєш на городі?
91,Як ти відпочиваєш біля моря?
92,На які майстер-класи ти ходив?
93,У які рухливі ігри ти граєш?
94,Які вироби з паперу ти вмієш?
95,Як ти проводиш час наодинці?
96,Який активний відпочинок тобі подобається?
97,Яке хобі найдоступніше?
98,Про що ти пишеш у вільний час?
99,Як ти святкуєш день народження?
100,Який спосіб релаксу тобі підходить?
